Metric,Value
MAE,0.15955630511412594
RMSE,0.5802633641298061
MAPE,15250150220730.053
